<?xml version="1.0" encoding="UTF-8"?>
<project-private xmlns="http://www.netbeans.org/ns/project-private/1">
    <editor-bookmarks xmlns="http://www.netbeans.org/ns/editor-bookmarks/2" lastBookmarkId="0"/>
    <open-files xmlns="http://www.netbeans.org/ns/projectui-open-files/2">
        <group>
            <file>file:/C:/Users/saeed/OneDrive/Documents/NetBeansProjects/Manageme_System/src/manageme_system/Frame.java</file>
            <file>file:/C:/Users/saeed/OneDrive/Documents/NetBeansProjects/Manageme_System/src/manageme_system/Login.java</file>
            <file>file:/C:/Users/saeed/OneDrive/Documents/NetBeansProjects/Manageme_System/src/manageme_system/Manageme_System.java</file>
            <file>file:/C:/Users/saeed/OneDrive/Documents/NetBeansProjects/Manageme_System/src/manageme_system/CheckBox_Event_Handling.java</file>
        </group>
    </open-files>
</project-private>
